,Actual,Predicted
0,425,378
1,88,105
2,4,12
3,526,421
4,13,25
5,32,39
6,706,608
7,26,34
8,2,9
9,21,36
10,34,11
11,89,104
12,542,502
13,9,6
14,325,481
15,336,527
16,188,196
17,479,292
18,16,42
19,852,736
20,8,10
21,161,121
22,37,110
23,84,175
24,124,186
25,144,109
26,23,10
27,188,175
28,6,5
29,82,239
30,3,3
31,29,24
32,374,289
33,76,38
34,76,60
35,868,594
36,8,5
37,122,310
38,109,219
39,315,288
40,614,533
41,142,201
42,201,208
43,3,2
44,649,598
45,243,341
46,158,215
47,195,181
48,30,37
49,118,141
50,310,267
51,529,445
52,598,597
53,181,137
54,257,209
55,162,67
56,86,164
57,75,129
58,137,74
59,236,289
60,79,133
61,156,129
62,198,233
63,175,163
64,438,617
65,217,316
66,27,25
67,105,134
68,186,192
69,356,308
70,177,194
71,119,145
72,49,69
73,224,260
74,162,194
75,320,297
76,122,174
77,153,178
78,271,254
79,110,97
80,374,591
81,20,34
82,22,10
83,109,99
84,259,443
85,472,446
86,176,151
87,105,85
88,412,338
89,440,367
90,169,222
91,4,29
92,104,137
93,290,198
94,84,69
95,76,212
96,177,140
97,186,247
98,4,2
99,143,87
100,57,91
101,180,135
102,615,616
103,73,63
104,321,356
105,15,46
106,267,121
107,68,88
108,390,327
109,62,97
110,145,194
111,40,57
112,42,29
113,9,7
114,9,20
115,50,80
116,29,70
117,392,364
118,137,147
119,507,357
120,67,105
121,153,480
122,126,155
123,65,39
124,307,450
125,11,9
126,286,171
127,865,691
128,224,218
129,174,126
130,51,31
131,106,116
132,172,169
133,397,372
134,559,485
135,124,195
136,3,15
137,8,7
138,49,26
139,77,90
140,9,6
141,432,444
142,57,71
143,302,387
144,153,186
145,80,70
146,306,530
147,13,18
148,182,225
149,66,67
150,172,147
151,333,283
152,102,79
153,75,70
154,3,26
155,393,318
156,392,350
157,635,565
158,238,180
159,303,313
160,122,77
161,294,272
162,408,386
163,26,23
164,148,174
165,145,146
166,16,17
167,260,190
168,131,113
169,83,126
170,89,131
171,22,33
172,468,628
173,460,436
174,477,555
175,17,24
176,250,248
177,237,302
178,239,207
179,169,167
180,416,423
181,449,503
182,105,126
183,187,184
184,55,112
185,72,70
186,14,20
187,51,72
188,15,15
189,2,4
190,26,137
191,187,138
192,315,429
193,3,21
194,308,277
195,199,262
196,144,103
197,2,3
198,32,29
199,282,250
200,98,317
201,450,477
202,361,275
203,532,481
204,100,136
205,256,291
206,4,9
207,156,141
208,171,134
209,328,302
210,388,296
211,189,213
212,45,50
213,109,199
214,52,57
215,8,22
216,411,440
217,757,590
218,105,106
219,86,32
220,393,259
221,16,24
222,11,10
223,4,27
224,270,412
225,175,191
226,2,2
227,197,343
228,41,36
229,36,137
230,13,17
231,120,60
232,103,125
233,22,24
234,154,178
235,18,81
236,3,18
237,39,112
238,142,218
239,99,73
240,118,139
241,8,5
242,159,131
243,31,41
244,6,13
245,10,4
246,222,215
247,164,120
248,7,6
249,29,18
250,132,136
251,366,431
252,8,25
253,33,34
254,99,88
255,90,70
256,36,37
257,20,6
258,61,75
259,242,196
260,184,172
261,418,499
262,313,391
263,271,267
264,35,29
265,362,313
266,53,53
267,125,139
268,229,196
269,107,120
270,182,170
271,71,126
272,131,100
273,61,104
274,253,243
275,21,30
276,20,27
277,254,229
278,27,45
279,3,5
280,178,111
281,142,159
282,83,105
283,380,324
284,572,706
285,144,153
286,270,372
287,520,605
288,549,442
289,70,71
290,97,80
291,227,175
292,123,149
293,314,347
294,90,96
295,28,40
296,156,167
297,106,127
298,158,192
299,275,212
300,5,3
301,222,434
302,240,262
303,1,4
304,39,45
305,5,7
306,148,165
307,26,74
308,38,107
309,165,174
310,2,12
311,446,340
312,2,13
313,39,53
314,88,131
315,87,104
316,537,361
317,149,198
318,5,6
319,55,158
320,91,78
321,146,185
322,54,118
323,151,100
324,176,274
325,2,5
326,282,349
327,48,34
328,218,314
329,145,158
330,148,141
331,99,95
332,1,13
333,177,242
334,3,19
335,112,130
336,46,127
337,21,20
338,44,46
339,233,347
340,3,11
341,151,168
342,77,66
343,594,678
344,10,27
345,152,250
346,11,20
347,33,32
348,349,430
349,583,587
350,65,154
351,448,393
352,9,10
353,558,484
354,11,18
355,365,371
356,327,308
357,285,281
358,528,575
359,307,208
360,45,55
361,431,515
362,370,342
363,461,250
364,152,154
365,131,160
366,380,312
367,591,583
368,164,219
369,346,292
370,186,188
371,209,264
372,59,80
373,245,242
374,375,368
375,200,193
376,23,23
377,203,176
378,363,288
379,124,112
380,5,5
381,275,186
382,24,35
383,749,620
384,20,34
385,361,405
386,421,469
387,666,544
388,201,220
389,18,35
390,207,207
391,18,9
392,30,40
393,35,174
394,206,188
395,386,285
396,54,54
397,159,196
398,98,125
399,345,244
400,591,713
401,306,134
402,115,204
403,68,78
404,17,18
405,66,38
406,31,31
407,119,133
408,198,147
409,7,5
410,607,544
411,387,355
412,166,254
413,236,259
414,108,267
415,281,263
416,70,47
417,25,9
418,23,26
419,216,192
420,17,10
421,152,143
422,167,184
423,306,401
424,795,560
425,373,198
426,368,287
427,297,292
428,530,432
429,22,18
430,174,188
431,27,19
432,236,368
433,454,602
434,354,483
435,254,224
436,151,241
437,338,402
438,120,155
439,276,333
440,398,602
441,4,11
442,24,30
443,159,144
444,42,72
445,106,93
446,261,245
447,177,289
448,511,659
449,250,144
450,118,138
451,8,12
452,360,412
453,601,541
454,5,6
455,37,32
456,5,6
457,214,207
458,36,37
459,152,171
460,59,33
461,108,140
462,348,261
463,233,322
464,296,266
465,221,294
466,345,274
467,225,328
468,8,16
469,52,50
470,108,90
471,106,148
472,78,164
473,13,7
474,9,9
475,62,70
476,857,670
477,14,17
478,33,33
479,451,550
480,30,32
481,410,339
482,36,36
483,13,14
484,310,257
485,270,198
486,27,30
487,8,8
488,245,325
489,140,238
490,239,182
491,459,388
492,15,36
493,210,244
494,42,96
495,112,125
496,7,21
497,1,7
498,180,172
499,310,267
500,188,165
501,5,13
502,226,166
503,128,194
504,634,533
505,207,253
506,365,565
507,90,85
508,91,136
509,127,166
510,575,420
511,584,310
512,118,151
513,123,148
514,317,229
515,212,232
516,178,160
517,153,200
518,464,341
519,146,87
520,230,212
521,113,181
522,34,24
523,662,437
524,64,56
525,67,118
526,710,492
527,105,91
528,358,374
529,271,503
530,26,70
531,14,10
532,287,244
533,122,176
534,13,55
535,228,132
536,330,436
537,37,41
538,348,241
539,5,4
540,154,230
541,7,41
542,125,121
543,732,633
544,71,93
545,263,270
546,524,620
547,123,101
548,292,224
549,6,9
550,6,14
551,374,433
552,48,70
553,120,122
554,5,21
555,76,66
556,122,135
557,64,49
558,71,51
559,30,96
560,239,239
561,99,137
562,31,84
563,316,398
564,7,5
565,419,418
566,528,317
567,140,160
568,6,13
569,442,356
570,285,198
571,5,5
572,135,98
573,1,5
574,55,79
575,16,9
576,156,282
577,729,459
578,189,232
579,334,331
580,5,21
581,232,152
582,16,12
583,192,187
584,295,229
585,10,8
586,45,54
587,55,118
588,33,41
589,129,103
590,230,198
591,230,230
592,18,23
593,289,267
594,1,2
595,192,261
596,522,478
597,144,138
598,452,424
599,81,137
600,349,185
601,95,136
602,26,104
603,37,84
604,37,51
605,274,260
606,10,12
607,172,176
608,31,146
609,77,105
610,466,272
611,123,121
612,4,42
613,3,8
614,6,14
615,108,133
616,199,244
617,74,101
618,120,141
619,230,322
620,335,354
621,5,4
622,152,151
623,96,72
624,557,424
625,106,120
626,125,239
627,273,432
628,72,71
629,237,303
630,327,208
631,706,672
632,154,232
633,326,204
634,489,390
635,212,211
636,534,529
637,141,326
638,54,56
639,177,178
640,236,170
641,23,26
642,334,317
643,12,11
644,487,433
645,285,290
646,296,380
647,318,384
648,54,87
649,288,239
650,416,414
651,139,156
652,8,6
653,24,66
654,46,51
655,205,148
656,216,291
657,481,522
658,14,17
659,343,359
660,171,171
661,184,168
662,217,215
663,298,250
664,282,226
665,218,224
666,302,254
667,138,104
668,8,8
669,298,289
670,182,244
671,291,275
672,76,165
673,315,269
674,58,62
675,428,368
676,267,195
677,354,206
678,291,229
679,168,212
680,304,259
681,224,254
682,142,371
683,49,99
684,593,481
685,448,387
686,246,227
687,170,191
688,222,157
689,26,37
690,286,369
691,834,661
692,271,366
693,7,4
694,113,129
695,519,610
696,218,299
697,5,4
698,20,31
699,293,252
700,31,23
701,136,113
702,3,3
703,187,144
704,134,125
705,2,8
706,195,312
707,41,40
708,218,209
709,278,302
710,79,71
711,114,160
712,133,144
713,123,159
714,25,69
715,292,382
716,48,148
717,120,122
718,25,33
719,148,231
720,174,139
721,852,760
722,3,3
723,106,83
724,1,9
725,109,86
726,45,48
727,28,32
728,313,207
729,86,125
730,178,254
731,514,542
732,90,82
733,291,466
734,267,298
735,24,44
736,35,50
737,431,299
738,39,148
739,171,161
740,119,140
741,10,28
742,211,174
743,108,156
744,4,6
745,86,116
746,310,214
747,6,6
748,509,315
749,149,168
750,612,488
751,265,239
752,185,226
753,5,4
754,529,543
755,151,118
756,9,8
757,229,280
758,265,377
759,551,495
760,234,124
761,167,280
762,370,387
763,38,249
764,15,20
765,53,87
766,646,278
767,195,254
768,39,16
769,136,149
770,62,40
771,211,221
772,4,10
773,32,31
774,45,170
775,7,17
776,8,11
777,3,8
778,104,119
779,20,22
780,69,47
781,136,180
782,134,142
783,129,86
784,34,119
785,50,33
786,6,6
787,214,178
788,175,105
789,101,101
790,77,117
791,2,2
792,287,428
793,9,11
794,4,13
795,93,87
796,5,14
797,892,746
798,145,115
799,349,402
800,5,5
801,93,107
802,281,189
803,123,145
804,360,350
805,4,6
806,540,442
807,8,13
808,34,50
809,266,284
810,447,320
811,43,72
812,267,304
813,185,216
814,16,47
815,391,124
816,32,74
817,102,83
818,14,98
819,485,415
820,481,357
821,13,12
822,2,8
823,140,137
824,331,334
825,365,482
826,575,662
827,30,30
828,74,135
829,18,22
830,233,173
831,192,169
832,338,327
833,83,214
834,496,638
835,36,34
836,508,611
837,214,257
838,209,678
839,362,266
840,167,98
841,379,387
842,219,185
843,185,154
844,289,476
845,239,173
846,108,152
847,11,8
848,4,5
849,26,31
850,35,29
851,113,179
852,461,293
853,35,57
854,4,3
855,1,10
856,391,360
857,87,66
858,133,97
859,38,58
860,44,58
861,24,26
862,233,231
863,276,100
864,58,165
865,127,166
866,4,13
867,18,24
868,223,303
869,19,20
870,175,147
871,2,2
872,14,12
873,41,87
874,291,196
875,354,233
876,133,165
877,158,184
878,1,2
879,193,119
880,167,221
881,559,632
882,80,124
883,160,171
884,149,167
885,20,21
886,593,533
887,206,256
888,288,231
889,365,484
890,184,344
891,110,95
892,3,3
893,17,4
894,98,48
895,33,70
896,181,161
897,179,187
898,97,119
899,302,279
900,31,23
901,31,31
902,439,237
903,32,80
904,168,169
905,25,39
906,226,226
907,421,364
908,404,524
909,34,24
910,26,20
911,100,63
912,6,7
913,7,14
914,79,242
915,228,288
916,54,94
917,18,81
918,681,485
919,346,260
920,222,153
921,3,4
922,373,419
923,268,209
924,7,12
925,27,20
926,124,198
927,237,301
928,56,123
929,298,417
930,54,91
931,105,164
932,120,63
933,4,6
934,76,63
935,3,5
936,30,25
937,6,8
938,47,117
939,39,25
940,230,274
941,168,199
942,43,88
943,315,271
944,183,157
945,24,119
946,683,499
947,253,348
948,354,197
949,15,40
950,264,122
951,743,640
952,210,132
953,86,69
954,99,95
955,97,103
956,228,257
957,467,536
958,212,198
959,102,73
960,113,161
961,267,269
962,35,31
963,109,171
964,75,141
965,404,333
966,42,40
967,313,321
968,182,153
969,664,517
970,29,28
971,27,28
972,177,211
973,36,31
974,138,112
975,419,326
976,18,22
977,134,147
978,324,346
979,156,178
980,7,31
981,349,438
982,131,102
983,448,342
984,129,158
985,261,202
986,64,36
987,3,4
988,152,205
989,394,323
990,127,150
991,6,7
992,77,107
993,5,6
994,25,25
995,149,110
996,10,10
997,49,28
998,76,66
999,38,32
1000,3,29
1001,55,88
1002,239,286
1003,2,5
1004,6,6
1005,3,6
1006,346,310
1007,252,217
1008,254,315
1009,14,5
1010,304,291
1011,369,363
1012,223,323
1013,82,78
1014,302,356
1015,7,24
1016,152,186
1017,226,351
1018,283,328
1019,51,50
1020,296,341
1021,157,283
1022,80,288
1023,120,82
1024,173,191
1025,29,18
1026,541,344
1027,398,264
1028,3,2
1029,259,262
1030,28,38
1031,15,48
1032,4,9
1033,164,313
1034,294,309
1035,89,116
1036,203,240
1037,50,30
1038,16,8
1039,56,82
1040,236,254
1041,229,173
1042,64,102
1043,253,282
1044,225,277
1045,452,396
1046,11,14
1047,122,153
1048,20,21
1049,182,226
1050,202,223
1051,236,276
1052,536,397
1053,94,129
1054,21,135
1055,57,90
1056,80,83
1057,182,182
1058,42,89
1059,783,653
1060,449,543
1061,84,176
1062,37,41
1063,188,219
1064,502,431
1065,2,9
1066,140,125
1067,169,190
1068,280,250
1069,7,13
1070,263,174
1071,70,120
1072,99,153
1073,192,184
1074,151,151
1075,250,282
1076,538,427
1077,42,70
1078,44,68
1079,6,10
1080,10,12
1081,60,34
1082,61,79
1083,9,18
1084,59,112
1085,135,207
1086,177,273
1087,11,9
1088,6,8
1089,174,134
1090,90,58
1091,229,290
1092,150,157
1093,294,338
1094,24,14
1095,199,187
1096,146,146
1097,86,133
1098,5,7
1099,13,10
1100,205,182
1101,114,186
1102,1,4
1103,159,224
1104,7,11
1105,54,79
1106,27,26
1107,234,229
1108,328,262
1109,4,6
1110,52,169
1111,509,410
1112,9,7
1113,318,231
1114,194,173
1115,348,320
1116,30,37
1117,680,529
1118,12,47
1119,44,380
1120,40,32
1121,45,47
1122,123,186
1123,40,33
1124,112,150
1125,160,121
1126,286,153
1127,703,497
1128,354,294
1129,5,10
1130,291,178
1131,239,188
1132,544,564
1133,289,408
1134,283,235
1135,408,398
1136,104,118
1137,72,160
1138,328,320
1139,26,26
1140,13,28
1141,5,7
1142,157,145
1143,198,333
1144,121,104
1145,8,59
1146,160,154
1147,409,625
1148,5,7
1149,71,75
1150,287,337
1151,178,186
1152,30,24
1153,153,164
1154,18,48
1155,78,194
1156,287,264
1157,259,733
1158,138,152
1159,170,171
1160,98,91
1161,225,264
1162,7,7
1163,425,401
1164,63,78
1165,256,225
1166,45,57
1167,52,81
1168,75,149
1169,264,266
1170,21,37
1171,32,65
1172,304,275
1173,5,7
1174,170,239
1175,473,341
1176,557,518
1177,35,33
1178,790,718
1179,408,498
1180,29,34
1181,240,203
1182,33,34
1183,7,4
1184,12,4
1185,555,512
1186,46,66
1187,204,244
1188,53,58
1189,288,350
1190,310,298
1191,32,102
1192,224,87
1193,50,41
1194,2,5
1195,236,259
1196,11,8
1197,209,226
1198,385,414
1199,256,359
1200,32,34
1201,42,52
1202,7,5
1203,376,326
1204,284,402
1205,23,13
1206,73,115
1207,584,623
1208,69,72
1209,92,57
1210,2,9
1211,465,440
1212,525,688
1213,96,84
1214,492,472
1215,66,146
1216,383,312
1217,62,47
1218,14,25
1219,223,321
1220,245,285
1221,365,334
1222,285,220
1223,219,207
1224,112,306
1225,24,69
1226,128,158
1227,205,412
1228,118,106
1229,126,179
1230,356,437
1231,84,106
1232,91,122
1233,329,374
1234,47,88
1235,69,112
1236,157,117
1237,181,164
1238,144,121
1239,68,82
1240,266,251
1241,53,129
1242,65,58
1243,183,265
1244,21,33
1245,461,486
1246,797,677
1247,8,8
1248,712,659
1249,42,54
1250,24,27
1251,110,165
1252,129,80
1253,203,306
1254,75,79
1255,106,196
1256,347,382
1257,44,69
1258,208,146
1259,305,320
1260,14,20
1261,42,42
1262,187,177
1263,166,181
1264,57,143
1265,7,14
1266,154,147
1267,338,250
1268,137,172
1269,171,141
1270,161,165
1271,5,4
1272,168,320
1273,77,106
1274,51,42
1275,383,475
1276,65,33
1277,7,4
1278,349,362
1279,60,74
1280,111,156
1281,179,245
1282,59,107
1283,148,226
1284,13,13
1285,157,215
1286,2,2
1287,580,385
1288,168,150
1289,266,238
1290,15,16
1291,375,382
1292,250,203
1293,486,564
1294,21,28
1295,61,95
1296,159,206
1297,597,535
1298,44,81
1299,21,28
1300,164,178
1301,10,20
1302,71,70
1303,105,130
1304,349,420
1305,173,302
1306,40,26
1307,54,104
1308,10,34
1309,5,3
1310,144,152
1311,82,79
1312,296,135
1313,505,499
1314,6,5
1315,24,42
1316,10,16
1317,506,587
1318,226,228
1319,1,9
1320,350,263
1321,340,279
1322,227,238
1323,593,705
1324,70,121
1325,41,22
1326,513,347
1327,46,112
1328,346,399
1329,377,342
1330,92,109
1331,109,163
1332,222,155
1333,242,205
1334,14,17
1335,374,475
1336,443,343
1337,172,257
1338,187,118
1339,126,163
1340,106,161
1341,275,283
1342,21,62
1343,375,267
1344,33,37
1345,25,14
1346,381,342
1347,6,2
1348,383,354
1349,34,37
1350,210,125
1351,700,441
1352,279,197
1353,328,267
1354,360,303
1355,3,5
1356,638,454
1357,268,238
1358,261,203
1359,166,202
1360,20,30
1361,9,5
1362,253,281
1363,351,411
1364,269,329
1365,55,56
1366,292,221
1367,3,6
1368,161,146
1369,15,12
1370,7,7
1371,69,73
1372,19,46
1373,87,92
1374,3,4
1375,6,21
1376,112,136
1377,275,340
1378,151,171
1379,241,214
1380,119,191
1381,268,241
1382,78,107
1383,798,641
1384,89,150
1385,36,6
1386,233,298
1387,43,43
1388,241,320
1389,14,13
1390,283,393
1391,149,170
1392,116,90
1393,377,426
1394,323,304
1395,195,273
1396,318,442
1397,197,176
1398,81,120
1399,330,359
1400,62,35
1401,192,150
1402,48,51
1403,381,354
1404,329,263
1405,274,323
1406,93,356
1407,702,609
1408,92,125
1409,300,276
1410,9,5
1411,21,25
1412,210,131
1413,237,224
1414,34,31
1415,785,671
1416,41,27
1417,336,288
1418,67,55
1419,449,371
1420,100,130
1421,264,402
1422,52,52
1423,6,82
1424,55,128
1425,285,199
1426,44,45
1427,25,10
1428,207,266
1429,331,247
1430,225,208
1431,5,9
1432,59,58
1433,420,268
1434,436,364
1435,114,128
1436,249,315
1437,373,413
1438,86,86
1439,104,115
1440,244,203
1441,11,21
1442,268,223
1443,153,146
1444,402,313
1445,20,23
1446,8,4
1447,253,232
1448,588,692
1449,410,521
1450,274,359
1451,246,323
1452,47,81
1453,155,176
1454,1,3
1455,27,61
1456,308,285
1457,57,54
1458,599,804
1459,38,25
1460,86,89
1461,10,32
1462,183,217
1463,11,7
1464,72,77
1465,24,31
1466,78,72
1467,171,176
1468,48,39
1469,646,556
1470,94,89
1471,556,692
1472,36,65
1473,454,595
1474,5,6
1475,192,217
1476,632,461
1477,114,132
1478,337,250
1479,62,108
1480,264,301
1481,113,100
1482,61,53
1483,168,213
1484,29,24
1485,483,202
1486,41,31
1487,340,236
1488,229,175
1489,455,280
1490,19,59
1491,1,3
1492,74,78
1493,202,237
1494,71,76
1495,10,15
1496,50,63
1497,10,12
1498,182,147
1499,405,315
1500,6,10
1501,31,121
1502,3,3
1503,154,175
1504,15,14
1505,167,246
1506,69,215
1507,41,37
1508,202,221
1509,244,207
1510,34,37
1511,211,189
1512,3,5
1513,93,81
1514,341,460
1515,60,130
1516,123,67
1517,285,249
1518,67,50
1519,727,632
1520,40,71
1521,140,131
1522,158,162
1523,248,251
1524,184,235
1525,81,99
1526,257,191
1527,233,221
1528,108,109
1529,658,571
1530,10,14
1531,820,715
1532,421,399
1533,78,49
1534,175,252
1535,117,227
1536,266,338
1537,313,272
1538,163,125
1539,325,209
1540,94,98
1541,249,311
1542,547,403
1543,106,154
1544,536,462
1545,286,323
1546,351,348
1547,109,109
1548,4,3
1549,689,412
1550,371,416
1551,129,155
1552,322,279
1553,435,302
1554,4,11
1555,45,66
1556,152,162
1557,169,222
1558,179,75
1559,3,9
1560,56,35
1561,11,9
1562,11,17
1563,1,2
1564,110,102
1565,47,21
1566,287,294
1567,130,155
1568,290,288
1569,29,29
1570,185,168
1571,20,10
1572,67,91
1573,280,336
1574,138,172
1575,219,259
1576,219,317
1577,53,198
1578,29,53
1579,3,4
1580,369,395
1581,615,342
1582,398,368
1583,4,4
1584,42,30
1585,82,147
1586,19,13
1587,229,230
1588,254,192
1589,186,149
1590,161,193
1591,241,208
1592,16,43
1593,163,117
1594,4,2
1595,69,75
1596,419,386
1597,274,151
1598,76,129
1599,109,96
1600,255,384
1601,893,595
1602,255,195
1603,143,163
1604,212,236
1605,2,3
1606,159,150
1607,217,244
1608,31,63
1609,5,5
1610,457,530
1611,220,262
1612,30,29
1613,6,10
1614,40,63
1615,427,221
1616,106,164
1617,32,53
1618,15,14
1619,241,164
1620,150,223
1621,568,483
1622,253,425
1623,397,464
1624,8,34
1625,457,304
1626,314,346
1627,22,34
1628,487,484
1629,272,235
1630,225,240
1631,326,211
1632,28,19
1633,150,201
1634,224,318
1635,273,216
1636,204,221
1637,1,2
1638,5,10
1639,146,303
1640,78,146
1641,298,524
1642,67,105
1643,582,555
1644,5,17
1645,460,284
1646,788,485
1647,6,6
1648,60,130
1649,194,150
1650,591,750
1651,135,105
1652,13,14
1653,182,351
1654,6,5
1655,327,397
1656,37,36
1657,343,225
1658,218,163
1659,332,314
1660,161,258
1661,472,379
1662,215,176
1663,232,361
1664,49,93
1665,211,143
1666,194,194
1667,81,101
1668,4,4
1669,418,535
1670,176,199
1671,901,760
1672,19,63
1673,191,188
1674,47,79
1675,10,13
1676,19,24
1677,145,222
1678,435,442
1679,696,642
1680,299,467
1681,294,342
1682,188,150
1683,190,216
1684,8,4
1685,87,72
1686,103,93
1687,186,344
1688,64,74
1689,116,165
1690,351,283
1691,167,199
1692,691,623
1693,11,7
1694,270,314
1695,168,255
1696,50,54
1697,177,197
1698,159,156
1699,70,63
1700,100,53
1701,56,96
1702,183,150
1703,132,212
1704,9,12
1705,468,367
1706,520,379
1707,399,486
1708,286,273
1709,197,135
1710,723,521
1711,67,74
1712,479,359
1713,24,15
1714,222,277
1715,8,6
1716,69,65
1717,192,131
1718,6,23
1719,188,140
1720,402,276
1721,311,219
1722,71,127
1723,779,514
1724,388,286
1725,199,79
1726,57,60
1727,3,3
1728,317,351
1729,10,14
1730,79,139
1731,4,6
1732,310,469
1733,7,7
1734,17,31
1735,371,493
1736,39,87
1737,3,2
1738,180,203
1739,27,37
1740,74,182
1741,296,245
1742,300,173
1743,92,110
1744,466,457
1745,609,519
1746,3,18
1747,270,388
1748,335,361
1749,420,287
1750,124,125
1751,431,493
1752,181,119
1753,140,178
1754,218,154
1755,103,149
1756,23,11
1757,279,287
1758,182,201
1759,348,306
1760,68,68
1761,28,25
1762,77,68
1763,486,350
1764,42,33
1765,299,175
1766,60,80
1767,158,292
1768,108,57
1769,605,482
1770,199,212
1771,120,74
1772,198,385
1773,358,404
1774,291,204
1775,364,483
1776,27,22
1777,189,242
1778,13,14
1779,204,232
1780,297,243
1781,173,99
1782,163,216
1783,242,224
1784,272,271
1785,238,150
1786,138,82
1787,85,128
1788,15,12
1789,28,31
1790,313,207
1791,77,151
1792,406,664
1793,142,311
1794,426,342
1795,23,24
1796,40,33
1797,55,43
1798,420,401
1799,399,350
1800,6,7
1801,386,307
1802,67,104
1803,19,28
1804,85,83
1805,222,275
1806,491,296
1807,116,134
1808,7,19
1809,289,212
1810,4,6
1811,53,39
1812,144,125
1813,42,34
1814,58,65
1815,43,36
1816,9,7
1817,213,106
1818,136,203
1819,101,97
1820,601,252
1821,168,209
1822,321,182
1823,20,35
1824,5,16
1825,394,344
1826,265,231
1827,21,13
1828,123,108
1829,6,8
1830,86,95
1831,116,159
1832,193,195
1833,122,123
1834,277,257
1835,42,157
1836,355,284
1837,8,9
1838,32,64
1839,147,243
1840,3,2
1841,129,91
1842,237,407
1843,2,7
1844,140,148
1845,73,95
1846,107,112
1847,359,261
1848,251,255
1849,249,289
1850,178,223
1851,669,570
1852,145,156
1853,74,92
1854,386,590
1855,32,27
1856,50,72
1857,62,85
1858,151,207
1859,325,432
1860,73,120
1861,118,167
1862,225,244
1863,331,304
1864,33,76
1865,3,4
1866,25,62
1867,150,164
1868,448,332
1869,458,344
1870,349,376
1871,113,86
1872,15,14
1873,7,4
1874,85,233
1875,678,395
1876,226,214
1877,1,2
1878,284,288
1879,167,352
1880,20,12
1881,127,146
1882,121,143
1883,483,460
1884,2,7
1885,291,367
1886,68,72
1887,2,4
1888,16,44
1889,90,132
1890,1,10
1891,43,60
1892,112,129
1893,131,75
1894,143,108
1895,2,5
1896,381,390
1897,68,99
1898,330,357
1899,229,297
1900,80,95
1901,274,226
1902,276,214
1903,281,263
1904,76,126
1905,12,15
1906,88,80
1907,27,33
1908,129,152
1909,285,284
1910,733,657
1911,38,31
1912,674,559
1913,384,512
1914,92,254
1915,710,516
1916,79,97
1917,177,108
1918,28,31
1919,9,7
1920,103,115
1921,243,298
1922,82,59
1923,2,3
1924,125,79
1925,439,410
1926,165,212
1927,179,226
1928,425,618
1929,43,67
1930,187,108
1931,17,30
1932,59,83
1933,102,171
1934,134,165
1935,303,315
1936,44,56
1937,125,149
1938,8,13
1939,86,68
1940,5,5
1941,12,12
1942,3,2
1943,192,254
1944,40,47
1945,148,94
1946,95,102
1947,126,161
1948,36,42
1949,6,4
1950,614,426
1951,278,185
1952,379,330
1953,393,256
1954,7,6
1955,320,300
1956,204,146
1957,248,171
1958,105,88
1959,190,179
1960,265,235
1961,214,212
1962,314,421
1963,149,132
1964,83,76
1965,168,138
1966,277,411
1967,138,102
1968,306,287
1969,423,387
1970,196,178
1971,3,9
1972,2,2
1973,7,7
1974,89,108
1975,111,446
1976,9,13
1977,349,267
1978,85,75
1979,8,17
1980,184,206
1981,3,3
1982,34,33
1983,300,287
1984,310,337
1985,3,4
1986,8,10
1987,73,90
1988,220,230
1989,18,8
1990,246,198
1991,194,258
1992,96,65
1993,119,140
1994,180,183
1995,290,300
1996,29,19
1997,239,268
1998,51,57
1999,175,173
2000,18,20
2001,970,742
2002,249,279
2003,117,140
2004,55,106
2005,5,6
2006,278,313
2007,199,214
2008,464,509
2009,4,5
2010,586,426
2011,286,248
2012,88,144
2013,79,132
2014,202,183
2015,155,212
2016,229,251
2017,6,5
2018,53,91
2019,7,5
2020,5,4
2021,321,291
2022,134,117
2023,8,5
2024,7,6
2025,14,3
2026,338,341
2027,82,85
2028,187,159
2029,1,43
2030,331,269
2031,117,121
2032,1,11
2033,104,104
2034,87,113
2035,485,510
2036,390,359
2037,19,16
2038,419,377
2039,8,66
2040,713,519
2041,136,167
2042,42,30
2043,107,121
2044,705,556
2045,481,516
2046,102,80
2047,238,298
2048,241,318
2049,135,153
2050,468,382
2051,279,308
2052,43,48
2053,54,55
2054,386,275
2055,207,258
2056,498,403
2057,152,127
2058,238,199
2059,12,13
2060,671,592
2061,4,6
2062,116,149
2063,345,203
2064,46,40
2065,4,17
2066,133,147
2067,66,103
2068,273,149
2069,125,150
2070,449,333
2071,30,16
2072,124,96
2073,74,47
2074,78,109
2075,3,5
2076,58,85
2077,22,60
2078,267,343
2079,527,459
2080,302,233
2081,152,128
2082,6,3
2083,144,175
2084,568,424
2085,141,138
2086,155,145
2087,374,527
2088,341,234
2089,617,509
2090,728,637
2091,4,8
2092,177,161
2093,99,120
2094,6,19
2095,155,200
2096,78,103
2097,102,105
2098,112,128
2099,170,191
2100,177,192
2101,14,13
2102,60,36
2103,230,203
2104,58,47
2105,116,123
2106,8,8
2107,58,54
2108,138,170
2109,517,686
2110,8,18
2111,5,18
2112,332,309
2113,21,19
2114,247,298
2115,377,163
2116,116,70
2117,241,445
2118,7,10
2119,6,7
2120,6,6
2121,211,302
2122,23,54
2123,87,127
2124,123,184
2125,6,15
2126,215,200
2127,72,53
2128,197,286
2129,28,63
2130,38,75
2131,3,6
2132,262,293
2133,27,30
2134,20,28
2135,11,77
2136,30,92
2137,275,248
2138,554,420
2139,57,31
2140,3,3
2141,6,5
2142,90,90
2143,148,184
2144,171,213
2145,4,5
2146,150,197
2147,49,45
2148,3,2
2149,32,132
2150,851,671
2151,171,116
2152,605,483
2153,289,366
2154,340,432
2155,56,38
2156,94,116
2157,70,111
2158,154,117
2159,72,90
2160,20,30
2161,66,82
2162,257,218
2163,51,39
2164,34,35
2165,43,148
2166,505,594
2167,48,39
2168,11,17
2169,165,140
2170,146,137
2171,98,141
2172,332,279
2173,239,307
2174,7,9
2175,511,488
2176,5,13
2177,155,156
2178,519,385
2179,306,256
2180,85,139
2181,168,198
2182,10,10
2183,209,258
2184,237,310
2185,157,237
2186,230,274
2187,12,6
2188,156,189
2189,2,5
2190,604,686
2191,5,6
2192,320,349
2193,336,272
2194,95,295
2195,642,547
2196,45,65
2197,26,32
2198,240,289
2199,626,469
2200,5,37
2201,244,367
2202,282,390
2203,142,153
2204,5,13
2205,89,93
2206,61,74
2207,371,298
2208,11,16
2209,109,142
2210,126,131
2211,389,266
2212,473,327
2213,296,221
2214,31,64
2215,286,240
2216,370,458
2217,138,146
2218,528,450
2219,653,547
2220,5,8
2221,6,17
2222,270,247
2223,707,559
2224,127,205
2225,217,196
2226,224,277
2227,73,175
2228,4,4
2229,17,20
2230,373,321
2231,128,182
2232,70,71
2233,88,58
2234,290,217
2235,385,423
2236,67,79
2237,666,661
2238,245,219
2239,686,444
2240,349,463
2241,370,345
2242,455,516
2243,191,171
2244,23,40
2245,93,53
2246,586,480
2247,161,147
2248,96,91
2249,217,160
2250,88,76
2251,224,189
2252,10,9
2253,76,102
2254,288,345
2255,117,106
2256,340,247
2257,120,70
2258,118,219
2259,6,12
2260,13,9
2261,130,208
2262,50,130
2263,129,144
2264,46,45
2265,679,464
2266,190,242
2267,93,167
2268,120,172
2269,33,38
2270,381,492
2271,148,126
2272,17,19
2273,56,76
2274,98,107
2275,664,460
2276,244,216
2277,723,570
2278,417,330
2279,196,221
2280,25,24
2281,15,12
2282,114,137
2283,89,202
2284,114,244
2285,179,141
2286,1,1
2287,30,23
2288,155,107
2289,138,196
2290,110,152
2291,30,38
2292,72,166
2293,291,231
2294,193,177
2295,21,8
2296,117,148
2297,92,133
2298,71,206
2299,158,147
2300,29,48
2301,641,525
2302,107,139
2303,317,342
2304,8,70
2305,191,147
2306,461,385
2307,280,245
2308,672,505
2309,202,228
2310,4,7
2311,167,186
2312,17,15
2313,593,435
2314,348,236
2315,120,136
2316,322,568
2317,612,498
2318,412,383
2319,194,150
2320,122,98
2321,317,356
2322,25,27
2323,77,68
2324,78,84
2325,69,69
2326,158,206
2327,167,243
2328,421,379
2329,538,616
2330,110,185
2331,6,14
2332,254,201
2333,423,343
2334,158,197
2335,66,115
2336,90,181
2337,435,340
2338,516,422
2339,241,316
2340,355,325
2341,102,119
2342,191,186
2343,734,606
2344,32,82
2345,62,95
2346,51,99
2347,313,198
2348,191,126
2349,50,36
2350,20,26
2351,34,155
2352,341,285
2353,578,476
2354,24,25
2355,300,247
2356,7,12
2357,168,296
2358,10,9
2359,147,134
2360,20,28
2361,39,56
2362,534,485
2363,120,139
2364,406,429
2365,16,5
2366,41,110
2367,4,4
2368,1,5
2369,453,409
2370,2,39
2371,93,123
2372,315,227
2373,294,239
2374,281,295
2375,196,236
2376,168,177
2377,148,182
2378,184,246
2379,420,499
2380,7,4
2381,87,156
2382,49,51
2383,57,77
2384,58,89
2385,86,93
2386,149,246
2387,199,209
2388,268,297
2389,325,315
2390,142,152
2391,104,100
2392,30,15
2393,206,234
2394,5,5
2395,143,205
2396,10,9
2397,133,98
2398,854,726
2399,362,474
2400,8,11
2401,191,142
2402,25,19
2403,49,93
2404,9,7
2405,13,152
2406,15,9
2407,17,60
2408,3,5
2409,134,192
2410,322,237
2411,60,67
2412,235,261
2413,188,210
2414,225,179
2415,568,394
2416,107,72
2417,153,159
2418,154,147
2419,767,604
2420,179,227
2421,23,15
2422,20,86
2423,306,604
2424,75,139
2425,2,2
2426,30,17
2427,176,166
2428,91,178
2429,181,208
2430,337,389
2431,107,200
2432,22,23
2433,13,21
2434,21,21
2435,243,219
2436,98,287
2437,3,5
2438,334,436
2439,6,11
2440,146,156
2441,219,174
2442,20,28
2443,251,217
2444,207,157
2445,95,110
2446,456,613
2447,42,34
2448,26,28
2449,96,98
2450,32,64
2451,50,64
2452,71,87
2453,28,49
2454,473,586
2455,372,341
2456,9,17
2457,196,247
2458,35,29
2459,395,207
2460,107,91
2461,8,3
2462,209,202
2463,283,238
2464,221,235
2465,229,174
2466,203,242
2467,87,72
2468,121,182
2469,338,248
2470,181,202
2471,498,390
2472,496,490
2473,48,62
2474,349,424
2475,9,9
2476,175,172
2477,59,57
2478,307,271
2479,72,127
2480,119,199
2481,205,235
2482,83,126
2483,4,14
2484,87,100
2485,95,101
2486,473,421
2487,372,671
2488,422,374
2489,151,106
2490,156,181
2491,94,144
2492,53,57
2493,133,115
2494,293,257
2495,6,7
2496,74,108
2497,516,482
2498,3,3
2499,7,4
2500,203,211
2501,255,204
2502,501,260
2503,360,207
2504,4,9
2505,200,491
2506,70,77
2507,151,223
2508,108,92
2509,12,9
2510,337,459
2511,8,9
2512,432,371
2513,826,644
2514,36,34
2515,387,362
2516,178,132
2517,10,9
2518,567,482
2519,18,41
2520,386,353
2521,169,188
2522,236,204
2523,3,10
2524,169,155
2525,36,44
2526,256,121
2527,123,147
2528,212,209
2529,69,84
2530,416,521
2531,813,466
2532,653,435
2533,598,696
2534,1,4
2535,166,215
2536,19,54
2537,435,433
2538,465,567
2539,274,246
2540,253,302
2541,359,219
2542,246,301
2543,45,93
2544,19,33
2545,71,60
2546,28,33
2547,390,289
2548,49,49
2549,236,199
2550,99,80
2551,204,169
2552,189,146
2553,5,8
2554,83,77
2555,345,264
2556,374,445
2557,673,489
2558,23,24
2559,357,322
2560,41,45
2561,64,62
2562,172,153
2563,86,34
2564,3,13
2565,94,69
2566,232,225
2567,96,119
2568,456,539
2569,977,784
2570,110,167
2571,141,166
2572,238,217
2573,91,103
2574,50,56
2575,179,187
2576,98,131
2577,30,92
2578,558,393
2579,396,466
2580,16,33
2581,2,6
2582,359,348
2583,208,476
2584,49,43
2585,125,185
2586,408,335
2587,125,122
2588,45,76
2589,235,141
2590,556,649
2591,31,34
2592,331,221
2593,197,185
2594,90,69
2595,878,592
2596,130,132
2597,585,497
2598,553,584
2599,79,93
2600,138,198
2601,5,5
2602,249,352
2603,78,142
2604,626,306
2605,33,71
2606,82,180
2607,39,78
2608,62,75
2609,314,293
2610,21,32
2611,71,69
2612,341,274
2613,2,3
2614,51,44
2615,399,261
2616,93,107
2617,311,318
2618,195,278
2619,179,214
2620,245,147
2621,68,87
2622,44,53
2623,375,216
2624,230,205
2625,497,342
2626,165,229
2627,290,387
2628,376,284
2629,1,4
2630,250,192
2631,175,299
2632,556,669
2633,64,104
2634,76,83
2635,32,41
2636,279,246
2637,13,25
2638,202,211
2639,162,199
2640,134,79
2641,334,282
2642,9,17
2643,68,188
2644,289,102
2645,37,45
2646,21,46
2647,51,37
2648,319,257
2649,63,115
2650,414,302
2651,106,163
2652,136,200
2653,156,173
2654,100,62
2655,47,41
2656,171,206
2657,127,162
2658,338,262
2659,92,91
2660,201,249
2661,42,39
2662,268,178
2663,13,27
2664,458,335
2665,408,427
2666,342,357
2667,7,42
2668,1,7
2669,93,83
2670,693,576
2671,271,379
2672,217,288
2673,6,7
2674,83,40
2675,28,16
2676,412,462
2677,40,74
2678,818,666
2679,4,11
2680,116,146
2681,320,341
2682,97,85
2683,373,220
2684,301,482
2685,225,187
2686,21,65
2687,822,486
2688,4,10
2689,202,220
2690,164,220
2691,204,162
2692,12,41
2693,137,186
2694,139,137
2695,741,649
2696,289,243
2697,312,455
2698,217,228
2699,738,612
2700,47,105
2701,495,365
2702,360,335
2703,221,289
2704,113,310
2705,105,122
2706,6,8
2707,185,234
2708,146,166
2709,8,7
2710,655,606
2711,37,61
2712,147,147
2713,277,355
2714,125,154
2715,57,58
2716,178,163
2717,81,102
2718,270,220
2719,3,7
2720,38,28
2721,613,556
2722,5,5
2723,2,6
2724,152,149
2725,454,385
2726,8,17
2727,558,412
2728,110,84
2729,129,166
2730,26,67
2731,131,114
2732,649,504
2733,5,6
2734,282,289
2735,355,176
2736,107,120
2737,283,268
2738,351,307
2739,3,12
2740,21,18
2741,190,150
2742,300,192
2743,5,10
2744,57,105
2745,4,4
2746,9,15
2747,248,354
2748,332,350
2749,82,137
2750,32,42
2751,84,71
2752,374,281
2753,216,154
2754,111,85
2755,153,145
2756,324,300
2757,92,236
2758,90,96
2759,27,44
2760,244,384
2761,179,224
2762,2,6
2763,183,186
2764,256,157
2765,171,290
2766,111,93
2767,207,159
2768,163,133
2769,4,5
2770,366,547
2771,247,246
2772,256,468
2773,12,24
2774,397,172
2775,37,33
2776,387,330
2777,105,126
2778,492,503
2779,7,5
2780,237,325
2781,49,111
2782,113,127
2783,546,369
2784,64,39
2785,51,189
2786,363,249
2787,22,38
2788,14,31
2789,267,344
2790,6,60
2791,621,631
2792,257,301
2793,90,123
2794,161,138
2795,7,55
2796,134,189
2797,162,184
2798,27,31
2799,186,289
2800,7,7
2801,57,85
2802,6,13
2803,281,211
2804,219,201
2805,78,132
2806,526,381
2807,110,94
2808,16,24
2809,321,176
2810,124,119
2811,194,232
2812,165,184
2813,290,213
2814,64,104
2815,444,414
2816,71,64
2817,98,209
2818,421,538
2819,115,143
2820,246,249
2821,367,251
2822,106,143
2823,13,19
2824,228,203
2825,178,236
2826,285,378
2827,9,6
2828,234,262
2829,102,142
2830,92,131
2831,3,5
2832,25,31
2833,19,25
2834,305,294
2835,88,112
2836,5,7
2837,2,2
2838,61,104
2839,842,665
2840,1,2
2841,190,153
2842,21,45
2843,410,644
2844,220,347
2845,130,186
2846,135,135
2847,3,13
2848,149,63
2849,87,151
2850,232,274
2851,164,147
2852,29,99
2853,211,207
2854,229,194
2855,308,217
2856,420,431
2857,21,31
2858,88,62
2859,30,34
2860,10,6
2861,91,100
2862,373,295
2863,188,210
2864,7,6
2865,382,428
2866,149,179
2867,489,547
2868,2,3
2869,226,173
2870,8,5
2871,147,242
2872,614,407
2873,157,115
2874,50,62
2875,358,368
2876,239,336
2877,98,58
2878,231,256
2879,87,149
2880,601,772
2881,196,185
2882,5,3
2883,3,6
2884,32,115
2885,117,95
2886,192,205
2887,32,45
2888,310,219
2889,543,755
2890,12,13
2891,221,264
2892,206,148
2893,524,413
2894,44,52
2895,167,204
2896,284,280
2897,108,91
2898,89,128
2899,6,26
2900,26,20
2901,151,113
2902,563,491
2903,498,395
2904,212,216
2905,432,477
2906,150,224
2907,505,532
2908,89,115
2909,36,38
2910,34,35
2911,239,216
2912,12,5
2913,623,558
2914,6,5
2915,127,117
2916,134,152
2917,94,191
2918,73,75
2919,71,86
2920,376,491
2921,242,237
2922,562,520
2923,312,196
2924,255,241
2925,136,180
2926,16,22
2927,160,284
2928,133,114
2929,102,87
2930,214,187
2931,301,238
2932,201,94
2933,652,581
2934,4,8
2935,18,16
2936,272,219
2937,220,198
2938,328,335
2939,200,205
2940,180,208
2941,239,135
2942,614,424
2943,320,290
2944,318,351
2945,581,561
2946,474,455
2947,219,201
2948,402,369
2949,126,76
2950,156,240
2951,9,16
2952,118,101
2953,136,91
2954,791,727
2955,143,130
2956,578,483
2957,14,18
2958,10,6
2959,58,80
2960,42,55
2961,244,209
2962,326,325
2963,296,273
2964,313,391
2965,162,175
2966,73,41
2967,73,82
2968,6,26
2969,100,247
2970,11,6
2971,368,381
2972,85,76
2973,39,35
2974,153,132
2975,127,107
2976,430,430
2977,596,612
2978,74,57
2979,40,72
2980,104,159
2981,240,246
2982,110,133
2983,29,24
2984,476,439
2985,36,65
2986,307,233
2987,288,349
2988,392,314
2989,35,33
2990,358,237
2991,235,219
2992,48,55
2993,270,140
2994,612,461
2995,268,337
2996,356,427
2997,114,134
2998,65,108
2999,500,473
3000,3,3
3001,228,135
3002,5,6
3003,139,127
3004,9,9
3005,93,143
3006,80,71
3007,156,126
3008,60,127
3009,79,114
3010,98,226
3011,94,102
3012,87,55
3013,311,204
3014,65,107
3015,305,355
3016,342,489
3017,538,635
3018,281,327
3019,5,6
3020,136,115
3021,206,244
3022,130,137
3023,129,136
3024,7,5
3025,95,148
3026,288,225
3027,891,581
3028,6,7
3029,274,209
3030,372,351
3031,182,202
3032,229,251
3033,452,532
3034,13,17
3035,355,673
3036,5,28
3037,614,427
3038,250,187
3039,254,302
3040,594,448
3041,89,136
3042,123,150
3043,68,97
3044,16,14
3045,207,136
3046,353,259
3047,116,106
3048,263,164
3049,16,34
3050,7,7
3051,6,7
3052,210,249
3053,74,46
3054,128,92
3055,655,640
3056,208,187
3057,391,337
3058,16,10
3059,141,158
3060,35,29
3061,236,246
3062,213,305
3063,17,16
3064,334,350
3065,29,45
3066,4,2
3067,35,19
3068,199,284
3069,578,403
3070,452,556
3071,56,74
3072,434,473
3073,79,110
3074,784,532
3075,68,194
3076,4,12
3077,124,194
3078,6,3
3079,20,54
3080,432,350
3081,148,121
3082,1,2
3083,160,173
3084,531,680
3085,72,75
3086,198,285
3087,115,140
3088,7,5
3089,214,350
3090,19,27
3091,18,7
3092,584,387
3093,86,88
3094,207,130
3095,40,87
3096,92,146
3097,135,95
3098,10,7
3099,13,14
3100,101,69
3101,5,11
3102,97,132
3103,28,21
3104,539,406
3105,14,17
3106,315,328
3107,567,415
3108,11,5
3109,23,39
3110,1,2
3111,500,469
3112,73,100
3113,335,227
3114,125,127
3115,810,588
3116,66,129
3117,8,7
3118,299,468
3119,64,64
3120,53,72
3121,141,79
3122,102,74
3123,356,346
3124,82,131
3125,307,249
3126,26,36
3127,380,487
3128,165,150
3129,72,142
3130,112,145
3131,108,122
3132,190,157
3133,801,605
3134,57,111
3135,103,124
3136,332,357
3137,289,316
3138,152,185
3139,172,151
3140,9,19
3141,106,113
3142,57,75
3143,195,152
3144,146,177
3145,254,220
3146,143,176
3147,9,14
3148,286,290
3149,523,396
3150,19,18
3151,887,647
3152,3,53
3153,436,228
3154,35,36
3155,138,138
3156,72,119
3157,44,65
3158,25,26
3159,94,142
3160,88,118
3161,118,145
3162,104,171
3163,162,178
3164,52,39
3165,497,523
3166,171,133
3167,884,560
3168,113,167
3169,513,422
3170,161,135
3171,39,60
3172,471,532
3173,72,75
3174,182,369
3175,81,69
3176,158,104
3177,158,237
3178,370,308
3179,360,244
3180,577,542
3181,152,163
3182,180,249
3183,341,264
3184,50,93
3185,182,373
3186,9,28
3187,85,38
3188,331,230
3189,202,305
3190,219,285
3191,81,101
3192,585,832
3193,160,102
3194,326,351
3195,2,8
3196,64,163
3197,30,31
3198,40,134
3199,256,338
3200,28,35
3201,9,6
3202,275,362
3203,167,266
3204,479,511
3205,7,9
3206,5,2
3207,34,29
3208,20,11
3209,8,5
3210,80,61
3211,174,209
3212,276,244
3213,3,2
3214,26,17
3215,582,430
3216,314,215
3217,268,159
3218,64,57
3219,53,161
3220,237,215
3221,4,3
3222,80,110
3223,128,151
3224,594,435
3225,692,573
3226,194,226
3227,165,139
3228,766,660
3229,2,7
3230,302,132
3231,127,105
3232,114,94
3233,41,40
3234,66,75
3235,119,104
3236,245,357
3237,228,373
3238,114,264
3239,6,6
3240,346,462
3241,93,113
3242,145,149
3243,210,191
3244,130,151
3245,37,43
3246,173,162
3247,743,479
3248,98,149
3249,49,64
3250,6,4
3251,241,195
3252,169,190
3253,272,170
3254,33,101
3255,270,276
3256,82,115
3257,280,217
3258,239,226
3259,131,94
3260,98,137
3261,219,240
3262,133,94
3263,34,37
3264,7,7
3265,121,113
3266,111,140
3267,8,5
3268,14,13
3269,44,139
3270,17,11
3271,85,178
3272,362,313
3273,27,23
3274,11,47
3275,320,249
3276,380,578
3277,4,3
3278,243,281
3279,146,157
3280,108,185
3281,558,633
3282,11,8
3283,308,338
3284,94,91
3285,32,38
3286,93,95
3287,282,232
3288,53,129
3289,258,263
3290,43,129
3291,50,36
3292,53,57
3293,59,70
3294,794,560
3295,14,27
3296,2,7
3297,193,161
3298,88,99
3299,135,173
3300,128,195
3301,536,723
3302,673,556
3303,464,579
3304,460,324
3305,172,168
3306,52,48
3307,97,114
3308,35,28
3309,97,138
3310,339,425
3311,260,282
3312,176,102
3313,93,122
3314,2,4
3315,231,214
3316,92,190
3317,501,445
3318,26,34
3319,11,14
3320,174,251
3321,2,3
3322,110,193
3323,236,224
3324,63,78
3325,196,243
3326,274,255
3327,56,54
3328,178,106
3329,416,417
3330,219,237
3331,65,122
3332,19,10
3333,184,168
3334,186,180
3335,148,104
3336,246,165
3337,44,34
3338,178,171
3339,250,273
3340,114,147
3341,11,5
3342,138,173
3343,55,142
3344,315,326
3345,185,101
3346,2,8
3347,284,234
3348,191,200
3349,6,6
3350,308,205
3351,138,150
3352,343,247
3353,260,252
3354,309,285
3355,332,357
3356,559,566
3357,108,69
3358,2,3
3359,45,56
3360,133,99
3361,14,15
3362,43,23
3363,8,42
3364,533,621
3365,95,159
3366,40,34
3367,182,292
3368,11,14
3369,358,249
3370,8,12
3371,8,27
3372,2,4
3373,142,157
3374,82,151
3375,41,65
3376,351,233
3377,63,72
3378,69,78
3379,181,154
3380,192,172
3381,57,58
3382,53,71
3383,294,386
3384,3,5
3385,13,22
3386,164,210
3387,93,55
3388,76,152
3389,384,252
3390,6,3
3391,214,228
3392,208,285
3393,117,136
3394,94,126
3395,2,8
3396,77,120
3397,174,246
3398,363,304
3399,105,142
3400,312,341
3401,483,453
3402,87,159
3403,479,423
3404,171,179
3405,51,63
3406,86,39
3407,118,79
3408,29,41
3409,243,320
3410,102,177
3411,62,86
3412,11,12
3413,5,5
3414,1,8
3415,50,34
3416,168,160
3417,264,212
3418,189,208
3419,394,537
3420,407,496
3421,8,9
3422,30,49
3423,64,45
3424,195,290
3425,73,96
3426,3,56
3427,90,37
3428,88,155
3429,205,302
3430,240,169
3431,148,191
3432,213,211
3433,6,10
3434,24,21
3435,297,236
3436,25,58
3437,162,135
3438,155,188
3439,557,641
3440,4,12
3441,551,674
3442,124,110
3443,94,135
3444,258,339
3445,129,126
3446,21,19
3447,751,507
3448,573,356
3449,29,44
3450,264,238
3451,175,156
3452,111,121
3453,104,111
3454,59,120
3455,116,516
3456,208,247
3457,176,221
3458,200,101
3459,337,212
3460,202,223
3461,172,204
3462,406,284
3463,2,8
3464,174,152
3465,178,203
3466,7,8
3467,13,63
3468,53,243
3469,130,137
3470,40,26
3471,17,24
3472,85,73
3473,98,97
3474,266,275
3475,267,364
